-- phpMyAdmin SQL Dump
-- version 5.2.1
-- https://www.phpmyadmin.net/
--
-- Host: 127.0.0.1
-- Generation Time: Apr 20, 2025 at 08:27 PM
-- Server version: 10.4.32-MariaDB
-- PHP Version: 8.2.12

SET SQL_MODE = "NO_AUTO_VALUE_ON_ZERO";
START TRANSACTION;
SET time_zone = "+00:00";


/*!40101 SET @OLD_CHARACTER_SET_CLIENT=@@CHARACTER_SET_CLIENT */;
/*!40101 SET @OLD_CHARACTER_SET_RESULTS=@@CHARACTER_SET_RESULTS */;
/*!40101 SET @OLD_COLLATION_CONNECTION=@@COLLATION_CONNECTION */;
/*!40101 SET NAMES utf8mb4 */;

--
-- Database: `gym_db`
--

-- --------------------------------------------------------

--
-- Table structure for table `members`
--

CREATE TABLE `members` (
  `id` int(30) NOT NULL,
  `member_id` int(30) NOT NULL,
  `firstname` varchar(100) NOT NULL,
  `middlename` varchar(100) NOT NULL,
  `lastname` varchar(100) NOT NULL,
  `gender` varchar(20) NOT NULL,
  `contact` varchar(100) NOT NULL,
  `address` text NOT NULL,
  `email` varchar(100) NOT NULL,
  `date_created` datetime NOT NULL DEFAULT current_timestamp()
) ENGINE=InnoDB DEFAULT CHARSET=utf8mb4 COLLATE=utf8mb4_general_ci;

--
-- Dumping data for table `members`
--

INSERT INTO `members` (`id`, `member_id`, `firstname`, `middlename`, `lastname`, `gender`, `contact`, `address`, `email`, `date_created`) VALUES
(7, 3, 'Mahadi', 'Hasan', 'Nayan', 'Male', '01234567890', 'Dhaka Bangladesh', 'mahadi@gmail.com', '0000-00-00 00:00:00'),
(8, 2, 'MD', 'Nafiz', 'Imtiaz', 'Male', '01472583690', 'Dhaka Bangladesh', 'nafiz@gmail.com', '0000-00-00 00:00:00'),
(9, 1, 'Safayet', 'Hossain', 'Alif', 'Male', '03692581470', 'Dhaka Bangladesh', 'alif@gmail.com', '0000-00-00 00:00:00'),
(10, 39684242, 'MD', 'Hasan', 'Naime', 'Female', '0139876540', 'Sample', 'naime@gmail.com', '2025-04-20 23:22:50'),
(11, 39684243, 'Shakib', 'Al', 'Hasan', 'Male', '01236549870', 'Dhaka, Bangladesh', 'shakib@gmail.com', '2025-04-20 23:31:50'),
(12, 7, 'Tamim', 'G', 'Iqbal', 'Male', '01236547896', 'Dhaka, Bangladesh', 'tamim@gmail.com', '2025-04-21 00:24:38');

-- --------------------------------------------------------

--
-- Table structure for table `packages`
--

CREATE TABLE `packages` (
  `id` int(30) NOT NULL,
  `package` varchar(200) NOT NULL,
  `description` text NOT NULL,
  `amount` float NOT NULL
) ENGINE=InnoDB DEFAULT CHARSET=utf8mb4 COLLATE=utf8mb4_general_ci;

--
-- Dumping data for table `packages`
--

INSERT INTO `packages` (`id`, `package`, `description`, `amount`) VALUES
(2, 'Package 1', 'Program simple  + Trainer', 3500),
(4, 'Package 2', 'Prime Program + Trainer', 4000);

-- --------------------------------------------------------

--
-- Table structure for table `payments`
--

CREATE TABLE `payments` (
  `id` int(30) NOT NULL,
  `registration_id` int(30) NOT NULL,
  `amount` int(30) NOT NULL,
  `remarks` text NOT NULL,
  `type` tinyint(1) NOT NULL DEFAULT 2 COMMENT '1=registration, 2= monthly payment',
  `date_created` datetime NOT NULL DEFAULT current_timestamp() ON UPDATE current_timestamp()
) ENGINE=InnoDB DEFAULT CHARSET=utf8mb4 COLLATE=utf8mb4_general_ci;

--
-- Dumping data for table `payments`
--

INSERT INTO `payments` (`id`, `registration_id`, `amount`, `remarks`, `type`, `date_created`) VALUES
(1, 2, 4500, 'First payment', 2, '2020-10-21 14:39:26'),
(2, 2, 3500, 'payment for november', 2, '2020-10-21 14:39:52'),
(3, 5, 4500, 'a', 2, '2025-04-19 23:35:19'),
(4, 7, 4600, 'April (1st Month )', 2, '2025-04-20 21:41:38');

-- --------------------------------------------------------

--
-- Table structure for table `plans`
--

CREATE TABLE `plans` (
  `id` int(30) NOT NULL,
  `plan` int(30) NOT NULL,
  `amount` float NOT NULL
) ENGINE=InnoDB DEFAULT CHARSET=utf8mb4 COLLATE=utf8mb4_general_ci;

--
-- Dumping data for table `plans`
--

INSERT INTO `plans` (`id`, `plan`, `amount`) VALUES
(1, 6, 800),
(4, 12, 1000);

-- --------------------------------------------------------

--
-- Table structure for table `registration_info`
--

CREATE TABLE `registration_info` (
  `id` int(30) NOT NULL,
  `member_id` int(30) NOT NULL,
  `plan_id` int(30) NOT NULL,
  `package_id` int(30) NOT NULL,
  `start_date` date NOT NULL,
  `end_date` date NOT NULL,
  `trainer_id` tinyint(30) NOT NULL,
  `status` tinyint(1) NOT NULL DEFAULT 1 COMMENT '0=Inactive, 1= Active',
  `date_created` date DEFAULT current_timestamp()
) ENGINE=InnoDB DEFAULT CHARSET=utf8mb4 COLLATE=utf8mb4_general_ci;

--
-- Dumping data for table `registration_info`
--

INSERT INTO `registration_info` (`id`, `member_id`, `plan_id`, `package_id`, `start_date`, `end_date`, `trainer_id`, `status`, `date_created`) VALUES
(2, 5, 1, 2, '2020-10-21', '2021-10-21', 0, 0, '2020-10-21'),
(3, 5, 1, 2, '2020-10-21', '2021-10-21', 0, 0, '2020-10-21'),
(4, 6, 1, 2, '2019-10-19', '2020-10-19', 0, 0, '2020-10-21'),
(5, 6, 1, 2, '2020-10-21', '2021-10-21', 0, 1, '2020-10-21'),
(6, 5, 1, 2, '2025-04-19', '2026-04-19', 0, 1, '2025-04-19'),
(7, 9, 1, 2, '2025-04-20', '2025-10-20', 1, 1, '2025-04-20'),
(8, 8, 4, 4, '2025-04-20', '2026-04-20', 2, 0, '2025-04-20'),
(9, 7, 4, 4, '2025-04-20', '2026-04-20', 3, 1, '2025-04-20'),
(10, 8, 4, 4, '2025-04-20', '2026-04-20', 2, 1, '2025-04-20'),
(11, 11, 4, 4, '2025-04-20', '2026-04-20', 2, 1, '2025-04-21');

-- --------------------------------------------------------

--
-- Table structure for table `schedules`
--

CREATE TABLE `schedules` (
  `id` int(30) NOT NULL,
  `member_id` int(30) NOT NULL,
  `dow` text NOT NULL,
  `date_from` date NOT NULL,
  `date_to` date NOT NULL,
  `time_from` time NOT NULL,
  `time_to` time NOT NULL
) ENGINE=InnoDB DEFAULT CHARSET=utf8mb4 COLLATE=utf8mb4_general_ci;

--
-- Dumping data for table `schedules`
--

INSERT INTO `schedules` (`id`, `member_id`, `dow`, `date_from`, `date_to`, `time_from`, `time_to`) VALUES
(1, 8, '1,4', '2025-04-01', '2025-05-31', '07:30:00', '08:30:00');

-- --------------------------------------------------------

--
-- Table structure for table `system_settings`
--

CREATE TABLE `system_settings` (
  `id` int(11) NOT NULL,
  `cover_img` varchar(255) DEFAULT NULL,
  `created_at` timestamp NOT NULL DEFAULT current_timestamp()
) ENGINE=InnoDB DEFAULT CHARSET=utf8mb4 COLLATE=utf8mb4_general_ci;

-- --------------------------------------------------------

--
-- Table structure for table `trainers`
--

CREATE TABLE `trainers` (
  `id` int(30) NOT NULL,
  `name` text NOT NULL,
  `contact` varchar(100) NOT NULL,
  `email` varchar(100) NOT NULL,
  `rate` float NOT NULL
) ENGINE=InnoDB DEFAULT CHARSET=utf8mb4 COLLATE=utf8mb4_general_ci;

--
-- Dumping data for table `trainers`
--

INSERT INTO `trainers` (`id`, `name`, `contact`, `email`, `rate`) VALUES
(1, 'John Smith', '+18456-5455-55', 'jsmith@sample.com', 500),
(2, 'Nafiz Imtiaz', '01234567890', 'nafiz@gmail.com', 1000),
(3, 'Sharif Khan', '02583691470', 'sharif@gmail.com', 800);

-- --------------------------------------------------------

--
-- Table structure for table `users`
--

CREATE TABLE `users` (
  `id` int(30) NOT NULL,
  `name` text NOT NULL,
  `username` varchar(200) NOT NULL,
  `password` text NOT NULL,
  `type` tinyint(1) NOT NULL DEFAULT 3 COMMENT '1=Admin,2=Staff, 3= subscriber'
) ENGINE=InnoDB DEFAULT CHARSET=utf8mb4 COLLATE=utf8mb4_general_ci;

--
-- Dumping data for table `users`
--

INSERT INTO `users` (`id`, `name`, `username`, `password`, `type`) VALUES
(1, 'Administrator', 'admin', '0192023a7bbd73250516f069df18b500', 1),
(3, 'Nafiz Imtiaz', 'nafiz', 'nafiz123', 1),
(4, 'Alif', 'alif', 'alif123', 2);

--
-- Indexes for dumped tables
--

--
-- Indexes for table `members`
--
ALTER TABLE `members`
  ADD PRIMARY KEY (`id`);

--
-- Indexes for table `packages`
--
ALTER TABLE `packages`
  ADD PRIMARY KEY (`id`);

--
-- Indexes for table `payments`
--
ALTER TABLE `payments`
  ADD PRIMARY KEY (`id`);

--
-- Indexes for table `plans`
--
ALTER TABLE `plans`
  ADD PRIMARY KEY (`id`);

--
-- Indexes for table `registration_info`
--
ALTER TABLE `registration_info`
  ADD PRIMARY KEY (`id`);

--
-- Indexes for table `schedules`
--
ALTER TABLE `schedules`
  ADD PRIMARY KEY (`id`);

--
-- Indexes for table `system_settings`
--
ALTER TABLE `system_settings`
  ADD PRIMARY KEY (`id`);

--
-- Indexes for table `trainers`
--
ALTER TABLE `trainers`
  ADD PRIMARY KEY (`id`);

--
-- Indexes for table `users`
--
ALTER TABLE `users`
  ADD PRIMARY KEY (`id`);

--
-- AUTO_INCREMENT for dumped tables
--

--
-- AUTO_INCREMENT for table `members`
--
ALTER TABLE `members`
  MODIFY `id` int(30) NOT NULL AUTO_INCREMENT, AUTO_INCREMENT=13;

--
-- AUTO_INCREMENT for table `packages`
--
ALTER TABLE `packages`
  MODIFY `id` int(30) NOT NULL AUTO_INCREMENT, AUTO_INCREMENT=6;

--
-- AUTO_INCREMENT for table `payments`
--
ALTER TABLE `payments`
  MODIFY `id` int(30) NOT NULL AUTO_INCREMENT, AUTO_INCREMENT=5;

--
-- AUTO_INCREMENT for table `plans`
--
ALTER TABLE `plans`
  MODIFY `id` int(30) NOT NULL AUTO_INCREMENT, AUTO_INCREMENT=6;

--
-- AUTO_INCREMENT for table `registration_info`
--
ALTER TABLE `registration_info`
  MODIFY `id` int(30) NOT NULL AUTO_INCREMENT, AUTO_INCREMENT=12;

--
-- AUTO_INCREMENT for table `schedules`
--
ALTER TABLE `schedules`
  MODIFY `id` int(30) NOT NULL AUTO_INCREMENT, AUTO_INCREMENT=2;

--
-- AUTO_INCREMENT for table `system_settings`
--
ALTER TABLE `system_settings`
  MODIFY `id` int(11) NOT NULL AUTO_INCREMENT;

--
-- AUTO_INCREMENT for table `trainers`
--
ALTER TABLE `trainers`
  MODIFY `id` int(30) NOT NULL AUTO_INCREMENT, AUTO_INCREMENT=5;

--
-- AUTO_INCREMENT for table `users`
--
ALTER TABLE `users`
  MODIFY `id` int(30) NOT NULL AUTO_INCREMENT, AUTO_INCREMENT=5;
COMMIT;

/*!40101 SET CHARACTER_SET_CLIENT=@OLD_CHARACTER_SET_CLIENT */;
/*!40101 SET CHARACTER_SET_RESULTS=@OLD_CHARACTER_SET_RESULTS */;
/*!40101 SET COLLATION_CONNECTION=@OLD_COLLATION_CONNECTION */;
